Pole,PassCount,RunCount,AllSeedsPassed,WorstFinalPhysicalError_deg,WorstMinimumPoleDistance_deg,MeanCrossingTime_s,TotalFallbacks,TotalRecoveries,MeanControllerCall_s,WorstControllerCall_s
+X,3,5,0,0.656922302187914,2.63854115290363,1.216,4,0,0.144214117666667,0.8108712
-X,5,5,1,5.63362006569887e-08,3.94381657171161,1.192,0,0,0.308555392933333,1.1605121
+Y,5,5,1,2.30669168231235e-11,2.28730434207028,0.332,0,0,0.562909405666667,12.6374493
-Y,5,5,1,2.05852183212071e-11,2.22883908172212,0.332,0,0,0.8210859492,10.7031691
+Z,5,5,1,0.174727039585056,3.72805536600218,1.472,0,0,0.4028990988,2.9971655
-Z,4,5,0,16.7405693154849,4.31096823321849,1.26,0,0,0.302717823733333,1.3046851
